title,url,time_added,tags,status
https://www.dokuwiki.org/dokuwiki,https://www.dokuwiki.org/dokuwiki,1596702466,,unread
http://mindhacks.cn/,http://mindhacks.cn/,1605600943,,unread
https://blog.wu-boy.com/,https://blog.wu-boy.com/,1607405503,,unread
http://blog.sina.com.cn/cmmi,http://blog.sina.com.cn/cmmi,1587516327,cmmi|架构|软件|部落格,unread
http://www.sciencenet.cn/,http://www.sciencenet.cn/,1611042045,,unread
http://reciteword.sourceforge.net/,http://reciteword.sourceforge.net/,1632211624,,unread
http://www.aisixiang.com/,http://www.aisixiang.com/,1589434690,,unread
中國哲學書電子化計劃,https://ctext.org/zh,1691049773,,unread
海德沙龙（HeadSalon）,https://headsalon.org/,1718256564,,unread
http://mirrors.ustc.edu.cn/,http://mirrors.ustc.edu.cn/,1584414603,,unread
https://meiriyiwen.com/,https://meiriyiwen.com/,1584421358,,unread
https://www.pixiv.net/ranking.php?mode=daily,https://www.pixiv.net/ranking.php?mode=daily,1603777082,,unread
https://weelookang.blogspot.com/,https://weelookang.blogspot.com/,1595569161,,unread
https://www.zhihu.com/question/19929609,https://www.zhihu.com/question/19929609,1603261900,,unread
http://docs.typecho.org/doku.php,http://docs.typecho.org/doku.php,1612245066,,unread
http://forgetfulbc.blogspot.com/,http://forgetfulbc.blogspot.com/,1596095045,,unread
https://blog.csdn.net/flowingflying,https://blog.csdn.net/flowingflying,1609922395,,unread
https://www.freebuf.com/,https://www.freebuf.com/,1585901087,,unread
https://www.torproject.org/download/,https://www.torproject.org/download/,1594882771,,unread
http://ent.sina.com.cn/y/2012-12-11/23183809249.shtml,http://ent.sina.com.cn/y/2012-12-11/23183809249.shtml,1598922949,,unread
https://justinyan.me/,https://justinyan.me/,1604645203,,unread
http://www.coursade.com/,http://www.coursade.com/,1596172431,,unread
http://www.yangqq.com/,http://www.yangqq.com/,1590732738,,unread
https://jysperm.me/,https://jysperm.me/,1614324249,blog,unread
https://wallhaven.cc/,https://wallhaven.cc/,1602318414,wallpaper|壁纸,unread
https://man.linuxde.net/,https://man.linuxde.net/,1583990100,commandline|linux,unread
https://www.producthunt.com/,https://www.producthunt.com/,1603344890,,unread
https://www.bilibili.com/video/av536313/,https://www.bilibili.com/video/av536313/,1592465996,,unread
https://leancloud.cn/docs/index.html,https://leancloud.cn/docs/index.html,1594084152,api|leancloud|sdk|技术文档|轻数据库,unread
https://www.jianshu.com/p/10f6778d6401,https://www.jianshu.com/p/10f6778d6401,1584413049,,unread
http://www.linuxliveusb.com/en/,http://www.linuxliveusb.com/en/,1626158355,,unread
http://inagblog.com/,http://inagblog.com/,1637046372,,unread
http://www.rockoa.com/,http://www.rockoa.com/,1592878848,,unread
https://www.fosshub.com/Android-x86.html,https://www.fosshub.com/Android-x86.html,1584423703,,unread
https://codingpy.com/books/thinkpython2/index.html,https://codingpy.com/books/thinkpython2/index.html,1583584228,,unread
https://rclone.org/onedrive/,https://rclone.org/onedrive/,1584608318,,unread
https://blog.wenxuecity.com/myblog/64833/all.html,https://blog.wenxuecity.com/myblog/64833/all.html,1594102038,,unread
https://iocage.readthedocs.io/en/latest/index.html,https://iocage.readthedocs.io/en/latest/index.html,1583730048,,unread
https://usepanda.com/app/#/?module=panda5,https://usepanda.com/app/#/?module=panda5,1603345368,,unread
http://fec.mofcom.gov.cn/article/gbdqzn/,http://fec.mofcom.gov.cn/article/gbdqzn/,1631948915,国别指南|海外服务,unread
https://toolinbox.net/,https://toolinbox.net/,1583583475,,unread
https://www.listennotes.com/,https://www.listennotes.com/,1596090016,,unread
https://ts.xcatliu.com/,https://ts.xcatliu.com/,1638245171,,unread
https://codesandbox.io/,https://codesandbox.io/,1612167233,代码调试|沙盒,unread
https://www.orgleaf.com/,https://www.orgleaf.com/,1584416341,linux运维|nas|nextcloud,unread
https://blog.joway.io/,https://blog.joway.io/,1615341666,,unread
https://www.githubs.cn/,https://www.githubs.cn/,1611889669,github|中文|精选,unread
https://blog.daliansky.net/,https://blog.daliansky.net/,1595831243,黑苹果系统,unread
https://www.jianshu.com/p/0ae245cfe1cf,https://www.jianshu.com/p/0ae245cfe1cf,1585295243,,unread
https://www.quwj.com/,https://www.quwj.com/,1604384056,,unread
https://yabook.org/,https://yabook.org/,1589769646,,unread
https://huhuhang.com/,https://huhuhang.com/,1584269559,,unread
https://www.zybuluo.com/mdeditor#1782262,https://www.zybuluo.com/mdeditor#1782262,1615519452,,unread
http://www.easybui.com/,http://www.easybui.com/,1593757755,ui开发|webapp|移动端,unread
https://getpodcast.xyz/,https://getpodcast.xyz/,1637654213,,unread
https://docs.rsshub.app/,https://docs.rsshub.app/,1599629287,rss|rsshub,unread
https://app.zenuml.com/,https://app.zenuml.com/,1610693745,,unread
https://courses.edx.org/courses/course-v1:HarvardX+CS50W+Web/course/,https://courses.edx.org/courses/course-v1:HarvardX+CS50W+Web/course/,1609833928,,unread
https://rsshub.app/,https://rsshub.app/,1585556005,,unread
https://share.ghibliwiki.org/%E9%A6%96%E9%A1%B5,https://share.ghibliwiki.org/%E9%A6%96%E9%A1%B5,1584890104,,unread
https://www.sciencealert.com/trending,https://www.sciencealert.com/trending,1603086877,,unread
https://catman.app/,https://catman.app/,1643267169,,unread
https://yangbingdong.com/2017/build-blog-hexo-base/,https://yangbingdong.com/2017/build-blog-hexo-base/,1585555871,,unread
https://notionpages.com/,https://notionpages.com/,1592811535,notion|模板,unread
https://yuan.ga/v2ray-build-guide-for-novices/,https://yuan.ga/v2ray-build-guide-for-novices/,1585901780,,unread
https://zhuanlan.zhihu.com/p/45039188,https://zhuanlan.zhihu.com/p/45039188,1583990302,4k|freenas|媒体搭建,unread
https://www.twle.cn/,https://www.twle.cn/,1597043842,ppen|web架構|基礎教程|編程,unread
https://wubaiqing.github.io/zaobao/,https://wubaiqing.github.io/zaobao/,1587951322,,unread
https://p3terx.com,https://p3terx.com,1584529840,,unread
https://en.wikipedia.org/wiki/History_of_self-driving_cars,https://en.wikipedia.org/wiki/History_of_self-driving_cars,1602573697,,unread
"Class Central • Find the best courses, wherever they exist.",https://www.classcentral.com/,1689223954,,unread
https://epubw.com/,https://epubw.com/,1586575688,ebook|下载|电子书,unread
https://flowcv.io/,https://flowcv.io/,1640757679,,unread
https://liqixpodcast.typlog.io/,https://liqixpodcast.typlog.io/,1608082000,,unread
https://tophub.today/c/news,https://tophub.today/c/news,1589432254,新闻|热榜|热点,unread
https://zhwangart.github.io/,https://zhwangart.github.io/,1584667191,,unread
https://sspai.com/post/54148,https://sspai.com/post/54148,1593590550,,unread
https://roadmap.sh/frontend,https://roadmap.sh/frontend,1599103108,,unread
http://www.bandubb.com/,http://www.bandubb.com/,1598945394,,unread
https://typlog.com/podlist/,https://typlog.com/podlist/,1584453059,,unread
https://archive.md/,https://archive.md/,1601018098,,unread
https://sword.studio/,https://sword.studio/,1585215571,,unread
https://gitmind.cn/,https://gitmind.cn/,1585138236,,unread
https://sspai.com/post/56508,https://sspai.com/post/56508,1583675961,,archive
https://rizi.me/#,https://rizi.me/#,1612767761,,unread
https://www.d4j.cn/,https://www.d4j.cn/,1584894790,三秋书屋|免费|电子书|百度盘分享,unread
猫窝：岛主抄书,https://athenacool.wordpress.com/,1704092977,,unread
https://guide.v2fly.org/,https://guide.v2fly.org/,1586236133,gfw|v2ray|指南|配置,archive
https://www.quchao.net/,https://www.quchao.net/,1606464954,,unread
https://indiehackers.net/,https://indiehackers.net/,1590545717,,unread
http://www.ruanyifeng.com/blog/2019/11/fault-tolerance.html,http://www.ruanyifeng.com/blog/2019/11/fault-tolerance.html,1583565123,,unread
https://mailchi.mp/7585311373a3/indieblogs,https://mailchi.mp/7585311373a3/indieblogs,1584507074,,unread
https://tingtalk.me/style-guide/,https://tingtalk.me/style-guide/,1630908852,排版|文案|风格,unread
https://www.redgregory.com/,https://www.redgregory.com/,1583581583,,unread
https://www.luckydesigner.space/50freebookwebsitetodl/,https://www.luckydesigner.space/50freebookwebsitetodl/,1619061787,,unread
https://guihet.com/tvlistconvert.html,https://guihet.com/tvlistconvert.html,1583579438,,unread
https://zhuanlan.zhihu.com/p/103460097,https://zhuanlan.zhihu.com/p/103460097,1583675939,,unread
https://tmioe.com/2020/gcp-trojan,https://tmioe.com/2020/gcp-trojan,1584506919,fgw|trojan,unread
https://web.stanford.edu/class/cs520/,https://web.stanford.edu/class/cs520/,1623997734,,unread
https://post.smzdm.com/p/alpwezw0/,https://post.smzdm.com/p/alpwezw0/,1583471946,,unread
https://ebook.hep.com.cn/ebooks/index.html#/,https://ebook.hep.com.cn/ebooks/index.html#/,1617693186,,unread
https://dramasq.xyz/,https://dramasq.xyz/,1591664967,,unread
http://feeds.feedburner.com/surplusvalue/uRtX,http://feeds.feedburner.com/surplusvalue/uRtX,1583462776,newsightview,unread
http://feeds.feedburner.com/FullOfMind,http://feeds.feedburner.com/FullOfMind,1583463356,biotechnology|science explore,unread
http://feeds.feedburner.com/cosmosrepair/SqEH,http://feeds.feedburner.com/cosmosrepair/SqEH,1583463449,life,unread
https://telegra.ph/freenas-vs-unraid-vs-esxi-vs-openmediavault-etc---Verne-in-GitHub-02-11-2,https://telegra.ph/freenas-vs-unraid-vs-esxi-vs-openmediavault-etc---Verne-in-GitHub-02-11-2,1583488111,,unread
https://mp.weixin.qq.com/s/PXBfYFYP7yY8L4qUvhBwfg,https://mp.weixin.qq.com/s/PXBfYFYP7yY8L4qUvhBwfg,1583492761,,unread
http://freelancer-x.com/,http://freelancer-x.com/,1583584281,,unread
https://medium.com/m/global-identity?redirectUrl=https%3A%2F%2Fmedium.twngo.xyz%2F%25E4%25B8%258B%25E4%25B8%2596%25E4%25BB%25A3%25E7%259A%2584%25E7%2594%259F%25E7%2594%25A3%25E5%258A%259B%25E5%25B7%25A5%25E5%2585%25B7-coda-8ee826bfa73f,https://medium.com/m/global-identity?redirectUrl=https%3A%2F%2Fmedium.twngo.xyz%2F%25E4%25B8%258B%25E4%25B8%2596%25E4%25BB%25A3%25E7%259A%2584%25E7%2594%259F%25E7%2594%25A3%25E5%258A%259B%25E5%25B7%25A5%25E5%2585%25B7-coda-8ee826bfa73f,1583675885,,unread
https://www.yuque.com/herbert-chang/pmweekly,https://www.yuque.com/herbert-chang/pmweekly,1584241388,互联网情报|产品周刊(试水)|产品经理,unread
https://mp.weixin.qq.com/s/Crp-RCfYVI6J1uMI5LQ1Ww,https://mp.weixin.qq.com/s/Crp-RCfYVI6J1uMI5LQ1Ww,1583678222,代码编辑器,unread
https://www.seacms.net/forum-36.htm,https://www.seacms.net/forum-36.htm,1583814052,,unread
https://www.hanming.com/freehost/,https://www.hanming.com/freehost/,1583823777,,unread
https://telegra.ph/steady-03-09,https://telegra.ph/steady-03-09,1583843390,,unread
https://www.lanzous.com/b0ev6ftlc,https://www.lanzous.com/b0ev6ftlc,1583989308,bandicam|bandicam 班迪录屏 4.5.6|录屏,unread
https://mp.weixin.qq.com/s/VSmcjRJz2jCqnk1n5R_mfQ,https://mp.weixin.qq.com/s/VSmcjRJz2jCqnk1n5R_mfQ,1584246381,,unread
http://www.playpcesor.com/2020/03/notion-project.html,http://www.playpcesor.com/2020/03/notion-project.html,1584410763,,unread
https://raw.githubusercontent.com/timqian/chinese-independent-blogs/master/feed.opml,https://raw.githubusercontent.com/timqian/chinese-independent-blogs/master/feed.opml,1584507882,,unread
https://567899.xyz/rclone-onedrive-cn.html,https://567899.xyz/rclone-onedrive-cn.html,1584608176,,unread
https://www.jianshu.com/p/343934573342,https://www.jianshu.com/p/343934573342,1584692394,hexo部署,unread
https://0x01x0.github.io/2020/03/18/hexo/,https://0x01x0.github.io/2020/03/18/hexo/,1584692441,github|hexo,unread
https://tmioe.com/2020/win10-ubuntu-openwrt-v2ray-trojan,https://tmioe.com/2020/win10-ubuntu-openwrt-v2ray-trojan,1585292437,,unread
https://github.com/shw2018/shw2018.github.io,https://github.com/shw2018/shw2018.github.io,1585042066,,unread
https://gh.api.99988866.xyz/GitHub-URL,https://gh.api.99988866.xyz/GitHub-URL,1585111806,,unread
https://space.bilibili.com/152842171/video?tid=0&page=2&keyword=&order=pubdate,https://space.bilibili.com/152842171/video?tid=0&page=2&keyword=&order=pubdate,1585123001,b站|notion|notion教程,unread
https://t.me/awesomeopensource/763,https://t.me/awesomeopensource/763,1585136874,,unread
https://github.com/guardicore/labs_campaigns/tree/master/Vollgar,https://github.com/guardicore/labs_campaigns/tree/master/Vollgar,1585825443,,unread
https://rwx.tza-3.xyz/,https://rwx.tza-3.xyz/,1586247041,,unread
https://www.flygd.ga/#L:/帮帮帮团队盘/帮帮帮团队盘,https://www.flygd.ga/#L:/帮帮帮团队盘/帮帮帮团队盘,1586266952,,unread
https://epang.ml/movie/278.html,https://epang.ml/movie/278.html,1586267114,,archive
https://doc.go2group.com/synapsert/latest/zh_cn/synapsert-ver-9-x,https://doc.go2group.com/synapsert/latest/zh_cn/synapsert-ver-9-x,1586488783,,unread
https://cloud.zapro.workers.dev/STUDY/Python/,https://cloud.zapro.workers.dev/STUDY/Python/,1586507046,linux|python全栈|学习,unread
https://markmap.js.org/repl/,https://markmap.js.org/repl/,1600411233,markdown|svg生成工具,unread
https://geelaw.blog/archive/,https://geelaw.blog/archive/,1586574795,blog|密码,unread
http://www.gwsoso.com/docs/search?start=0&key=100篇最新人民日报评论员文章（20200407）,http://www.gwsoso.com/docs/search?start=0&key=100篇最新人民日报评论员文章（20200407）,1586592384,,unread
https://mp.weixin.qq.com/s/K-LH_E4pjVE766JjtMoNeQ,https://mp.weixin.qq.com/s/K-LH_E4pjVE766JjtMoNeQ,1586826716,,unread
https://freembook.com/,https://freembook.com/,1591856997,,unread
https://rizime.substack.com/,https://rizime.substack.com/,1605682609,,unread
暗黑武士De BiBiLand,https://darkwarrior2025.xyz/wodebibi/,1587638302,废话capsule|自建项目,unread
https://juuun.io/,https://juuun.io/,1587602795,,unread
https://gine.me/,https://gine.me/,1587609252,notion|搭建站点,unread
https://github.com/GuoZhaoran/fastIM,https://github.com/GuoZhaoran/fastIM,1587951340,github|im|搭建|聊天系统,unread
https://hub.nishuang.net/05fe4cd4b08848acb3cb738601acef0d?v=87134827ec6d4f15a52bf2c4d8124dad,https://hub.nishuang.net/05fe4cd4b08848acb3cb738601acef0d?v=87134827ec6d4f15a52bf2c4d8124dad,1595295964,,unread
https://q24.io/useless/,https://q24.io/useless/,1602299215,,unread
https://telegra.ph/dczgnm-10-30,https://telegra.ph/dczgnm-10-30,1589270901,,unread
https://coffee.pmcaff.com/article/oDLm6RRrQO,https://coffee.pmcaff.com/article/oDLm6RRrQO,1591079186,prd|产品经理,unread
https://d2.pub/zh/doc/d2-admin/,https://d2.pub/zh/doc/d2-admin/,1589439607,,unread
https://blog.starrocket.io/,https://blog.starrocket.io/,1614317090,,unread
http://od.xxorg.com/%E6%A8%8A%E7%99%BB%E8%AF%BB%E4%B9%A6%E4%BC%9A/,http://od.xxorg.com/%E6%A8%8A%E7%99%BB%E8%AF%BB%E4%B9%A6%E4%BC%9A/,1591841051,樊登|读书会,unread
https://tinyprojects.dev/guides/tiny_website,https://tinyprojects.dev/guides/tiny_website,1590737091,,unread
https://www.gcores.com/radios/22137,https://www.gcores.com/radios/22137,1589851746,,unread
http://book.hyflix.xyz/,http://book.hyflix.xyz/,1589871651,,unread
https://damogame.cn/wordpress/,https://damogame.cn/wordpress/,1589872623,,unread
https://www.notion.so/9667019865984ba5b772cb80f31097b2?v=993281a687f347beb46c95287086ffc0,https://www.notion.so/9667019865984ba5b772cb80f31097b2?v=993281a687f347beb46c95287086ffc0,1591337405,it技术资源分享|notion,archive
https://www.yuque.com/liuliandong/readings/zexl3r,https://www.yuque.com/liuliandong/readings/zexl3r,1590134454,,unread
https://blog.csdn.net/wy_hhxx/article/details/104826981,https://blog.csdn.net/wy_hhxx/article/details/104826981,1590134469,,unread
https://www.zsrss.com/8001.html,https://www.zsrss.com/8001.html,1590391605,,unread
https://www.cnblogs.com/pythonywy,https://www.cnblogs.com/pythonywy,1590739238,,unread
https://neumnotes.com/,https://neumnotes.com/,1591081382,,unread
https://www.inneed.club/articles/detail/l5xgdqk0dw,https://www.inneed.club/articles/detail/l5xgdqk0dw,1591079135,产品经理|数据分析,unread
https://www.inneed.club/articles/detail/4ema7690ny,https://www.inneed.club/articles/detail/4ema7690ny,1591079172,产品经理|设计,unread
https://p4gefau1t.github.io/trojan-go/,https://p4gefau1t.github.io/trojan-go/,1591256517,,unread
https://www.no404.me/,https://www.no404.me/,1591843228,,unread
http://society.library.sh.cn/node/7979,http://society.library.sh.cn/node/7979,1592468676,,unread
https://www.tutorialist.io/,https://www.tutorialist.io/,1593757493,youtube|开发教程|视频,unread
https://sspai.com/post/61000,https://sspai.com/post/61000,1592804028,,unread
https://www.bilibili.com/video/BV1zt4y1C7S1,https://www.bilibili.com/video/BV1zt4y1C7S1,1592383301,,unread
https://foambubble.github.io/foam,https://foambubble.github.io/foam,1593758373,,unread
https://www.jianshu.com/p/86237655d820,https://www.jianshu.com/p/86237655d820,1592969183,leancloud|轻数据库,unread
https://blog.yxwang.me/2020/06/server-rack/,https://blog.yxwang.me/2020/06/server-rack/,1593307337,,unread
http://ksria.com/simpread/guide/,http://ksria.com/simpread/guide/,1593433342,,unread
https://www.dubox.com/,https://www.dubox.com/,1600138029,,unread
https://vikingz.me/,https://vikingz.me/,1594029580,,unread
https://github.com/BlackwinMin/shortcuts-actions-gallery/tree/master/SaveIG,https://github.com/BlackwinMin/shortcuts-actions-gallery/tree/master/SaveIG,1594032285,,unread
https://www.infoq.cn/article/gC1CKML304aJLU52LAuq?utm_source=rss&utm_medium=article,https://www.infoq.cn/article/gC1CKML304aJLU52LAuq?utm_source=rss&utm_medium=article,1594951622,,unread
https://www.huxiu.com/article/368540.html,https://www.huxiu.com/article/368540.html,1594869971,,unread
https://www.motiontricks.com/svg-dashed-line-animation/,https://www.motiontricks.com/svg-dashed-line-animation/,1603248576,,unread
https://3d-book-css.netlify.app/,https://3d-book-css.netlify.app/,1595398466,,unread
https://writee.org/,https://writee.org/,1604648088,,unread
http://tv.cctv.com/lm/csmx/1/index.shtml?spm=C22284.P5liH7W1KFZ8.EwCZHCZ4IkiB.1,http://tv.cctv.com/lm/csmx/1/index.shtml?spm=C22284.P5liH7W1KFZ8.EwCZHCZ4IkiB.1,1595554728,cctv2|企业家|城市梦想|社会底层,unread
http://www.ideobook.com/2955/the-future-of-expert-knowledge/,http://www.ideobook.com/2955/the-future-of-expert-knowledge/,1662099555,,unread
https://mp.weixin.qq.com/s/_B21YKD0fWx6Sgy7Y6W77Q,https://mp.weixin.qq.com/s/_B21YKD0fWx6Sgy7Y6W77Q,1595813456,,unread
https://www.youtube.com/playlist?list=PLrybf3rp9BTsuaAKS1VG5UkSpNM5NBxhe,https://www.youtube.com/playlist?list=PLrybf3rp9BTsuaAKS1VG5UkSpNM5NBxhe,1595919628,中小企业|数字经济|论坛,unread
https://pmthinking.com/,https://pmthinking.com/,1611131456,,unread
http://blog.sina.com.cn/s/blog_493a84550102z8tn.html,http://blog.sina.com.cn/s/blog_493a84550102z8tn.html,1596440255,,unread
https://www.gcores.com/articles/117442,https://www.gcores.com/articles/117442,1596525023,,unread
https://git.joinplu.me/,https://git.joinplu.me/,1596519622,,unread
https://www.v2ex.com/t/695939,https://www.v2ex.com/t/695939,1596702513,,unread
https://taiwanzy.com/ifeng_cat/bec8cb58-d102-4c83-9ff3-63e162fd1a2a,https://taiwanzy.com/ifeng_cat/bec8cb58-d102-4c83-9ff3-63e162fd1a2a,1596678504,尋路中國|鳳凰大視野,unread
https://mp.weixin.qq.com/s/L1LzQ-wl-LrdbiYkGQd1uw,https://mp.weixin.qq.com/s/L1LzQ-wl-LrdbiYkGQd1uw,1597043366,,unread
https://www.newyorker.com/magazine/2020/08/17/how-china-controlled-the-coronavirus,https://www.newyorker.com/magazine/2020/08/17/how-china-controlled-the-coronavirus,1597217149,,unread
https://books.halfrost.com/leetcode/,https://books.halfrost.com/leetcode/,1597369599,go|leetcode|數據分析|算法,unread
https://kurukurumi.tk/,https://kurukurumi.tk/,1599456632,,unread
http://www.woshipm.com/zhichang/4159743.html,http://www.woshipm.com/zhichang/4159743.html,1598862500,,unread
https://xijiajia.blogspot.com,https://xijiajia.blogspot.com,1599465222,,unread
https://binarylife.icu/,https://binarylife.icu/,1599619663,,unread
https://www.aniulee.com/#/,https://www.aniulee.com/#/,1599620142,,unread
https://mp.weixin.qq.com/s/3UeZzw2LmPsM3cU7Rhmb8w,https://mp.weixin.qq.com/s/3UeZzw2LmPsM3cU7Rhmb8w,1599714534,,unread
https://easydoc.xyz/doc/25791054/uw2FUUiw/3bEzXb4y,https://easydoc.xyz/doc/25791054/uw2FUUiw/3bEzXb4y,1612417593,autojs|文档,unread
https://support.huawei.com/hedex/hdx.do?docid=EDOC1000094251&lang=zh,https://support.huawei.com/hedex/hdx.do?docid=EDOC1000094251&lang=zh,1599892816,,unread
https://ld246.com/,https://ld246.com/,1600847645,,unread
http://www.ghibli.jp/info/013344/,http://www.ghibli.jp/info/013344/,1600926342,,unread
https://www.appinn.com/pushbullet-for-ios-back/,https://www.appinn.com/pushbullet-for-ios-back/,1601448960,,unread
https://mp.weixin.qq.com/s/uy4q2blAiNpZ2ioFRSKHJQ,https://mp.weixin.qq.com/s/uy4q2blAiNpZ2ioFRSKHJQ,1601882400,,unread
https://book.zhishikoo.com/?aff=662,https://book.zhishikoo.com/?aff=662,1602732163,电子书|资源下载,unread
https://www.appinn.com/nutab-for-chrome/,https://www.appinn.com/nutab-for-chrome/,1603260511,,unread
https://mudita.com/products/pure/muditaos,https://mudita.com/products/pure/muditaos,1603693378,,unread
http://elproducto.eu/resources/,http://elproducto.eu/resources/,1603343996,,unread
https://www.thepaper.cn/newsDetail_forward_9648585,https://www.thepaper.cn/newsDetail_forward_9648585,1604297651,,unread
https://drop.ioiox.com/,https://drop.ioiox.com/,1603772706,,unread
https://flomo.app/,https://flomo.app/,1606055781,,unread
https://www.teambition.com/pan,https://www.teambition.com/pan,1605594818,,unread
"https://my.mindnode.com/3HNhTTsFusto1psUbMN1n8qvgRUtpT1qVGqZUMrq#821.6,-1211.1,-1","https://my.mindnode.com/3HNhTTsFusto1psUbMN1n8qvgRUtpT1qVGqZUMrq#821.6,-1211.1,-1",1605601132,,unread
https://github.com/yihong0618/gitblog/issues/195#issue-747248302,https://github.com/yihong0618/gitblog/issues/195#issue-747248302,1605859093,,unread
https://ai.secsa.cn/course,https://ai.secsa.cn/course,1606290805,,unread
https://edition.cnn.com/2020/11/30/asia/wuhan-china-covid-intl/index.html,https://edition.cnn.com/2020/11/30/asia/wuhan-china-covid-intl/index.html,1607063418,,unread
https://ng-tech.icu/,https://ng-tech.icu/,1616045873,,unread
https://medium.com/@leafwind,https://medium.com/@leafwind,1607405437,,unread
https://writee.org/social-comments-archive/,https://writee.org/social-comments-archive/,1607930695,,unread
https://readependenceday.substack.com/people/20883843--readependence-day,https://readependenceday.substack.com/people/20883843--readependence-day,1607998882,,unread
http://podcast.pursuitus.com/,http://podcast.pursuitus.com/,1608000608,,unread
http://tool.liumingye.cn/music/?page=discoverPage,http://tool.liumingye.cn/music/?page=discoverPage,1611326328,,unread
https://www.yocson.com/,https://www.yocson.com/,1608020842,,unread
http://www.ubushu.com/,http://www.ubushu.com/,1608105162,,unread
https://www.appinn.com/personal-kanban-online/,https://www.appinn.com/personal-kanban-online/,1608177100,,unread
https://wavpub.com/,https://wavpub.com/,1608187239,,unread
https://nojsja.github.io/blogs/blogs/categories/,https://nojsja.github.io/blogs/blogs/categories/,1608380244,,unread
https://www.notion.so/ProductThinking-a601a12335044f349a22caf57f274c27,https://www.notion.so/ProductThinking-a601a12335044f349a22caf57f274c27,1611128873,,unread
https://www.worldmiao.com/,https://www.worldmiao.com/,1609142716,,unread
https://funkwhale.audio/zh_Hans/,https://funkwhale.audio/zh_Hans/,1609305431,分享|播客,unread
https://mp.weixin.qq.com/s/XldHCRP3vhLQphd-Kd_rIw,https://mp.weixin.qq.com/s/XldHCRP3vhLQphd-Kd_rIw,1609741591,,unread
https://allaboutpod.com/,https://allaboutpod.com/,1618455870,,unread
https://www.theblackvault.com/documentarchive/ufos-the-central-intelligence-agency-cia-collection/,https://www.theblackvault.com/documentarchive/ufos-the-central-intelligence-agency-cia-collection/,1610674259,,unread
https://od.bajins.com/,https://od.bajins.com/,1612341331,,unread
http://www.wjinyu.top:8888/,http://www.wjinyu.top:8888/,1611647477,实施更新|股票,unread
https://cloud.seatable.cn/,https://cloud.seatable.cn/,1611711176,在线表单|项目管理,unread
https://www.bilibili.com/video/av57544874,https://www.bilibili.com/video/av57544874,1611729466,b站|高项,unread
https://securib.ee/beelog/information-security-news-resources/,https://securib.ee/beelog/information-security-news-resources/,1611803259,,unread
https://www.loudreader.com/,https://www.loudreader.com/,1640571673,,unread
https://docs.chfse.com/,https://docs.chfse.com/,1612235834,web|前端,unread
http://touch.shio.gov.cn/,http://touch.shio.gov.cn/,1612253048,,unread
https://kaiyiwing.gitee.io/qwerty-learner/,https://kaiyiwing.gitee.io/qwerty-learner/,1616382239,,unread
https://inote.xyz/,https://inote.xyz/,1612920005,,unread
https://blog.yidajiabei.xyz/,https://blog.yidajiabei.xyz/,1612920123,,unread
https://instant.lvv2.com/,https://instant.lvv2.com/,1613719263,快照|资讯,unread
https://engr-z.com/238.html?hmsr=toutiao.io&utm_medium=toutiao.io&utm_source=toutiao.io,https://engr-z.com/238.html?hmsr=toutiao.io&utm_medium=toutiao.io&utm_source=toutiao.io,1614126995,nas|webdav|文件共享,unread
https://bukaivip.com/,https://bukaivip.com/,1614567643,drama|movie|影视,unread
https://www.yulisay.com/rss.xml,https://www.yulisay.com/rss.xml,1614670609,,unread
https://qufy.me/post/%E6%89%93%E9%80%A0%E4%BD%A0%E7%8B%AC%E4%BA%AB%E7%9A%84-rss-%E9%98%85%E8%AF%BB%E7%8E%AF%E5%A2%83-rsshub-%E4%B8%8E-miniflux-%E8%87%AA%E5%BB%BA%E6%8C%87%E5%8D%97/,https://qufy.me/post/%E6%89%93%E9%80%A0%E4%BD%A0%E7%8B%AC%E4%BA%AB%E7%9A%84-rss-%E9%98%85%E8%AF%BB%E7%8E%AF%E5%A2%83-rsshub-%E4%B8%8E-miniflux-%E8%87%AA%E5%BB%BA%E6%8C%87%E5%8D%97/,1617863745,,unread
https://www.zybuluo.com/yingshishare/note/1776870,https://www.zybuluo.com/yingshishare/note/1776870,1616399094,,unread
https://zhaoolee.com/garss/,https://zhaoolee.com/garss/,1616400212,rss,unread
https://blog.geohey.com/hu-huan-xin-yi-dai-zheng-fu-bu-men-xin-xi-zhong-xin-zhu-ren/,https://blog.geohey.com/hu-huan-xin-yi-dai-zheng-fu-bu-men-xin-xi-zhong-xin-zhu-ren/,1616458704,,unread
https://m.dongqiudi.net/article/1910370.html,https://m.dongqiudi.net/article/1910370.html,1616844721,,unread
https://h-s.lanzous.com/b01bqysij,https://h-s.lanzous.com/b01bqysij,1617431318,,unread
http://52.9.132.3/?M=hd&P=welcome,http://52.9.132.3/?M=hd&P=welcome,1619069944,,unread
https://telegra.ph/Python%E8%AF%A6%E7%BB%86%E7%9F%A5%E8%AF%86%E4%BD%93%E7%B3%BB%E6%80%BB%E7%BB%932021%E7%89%88-%E6%9F%8F%E6%8B%89%E5%9B%BE%E5%B7%A5%E4%BD%9C%E5%AE%A4-Python%E5%AD%A6%E7%A7%91-CSDN%E5%8D%9A%E5%AE%A2-02-22,https://telegra.ph/Python%E8%AF%A6%E7%BB%86%E7%9F%A5%E8%AF%86%E4%BD%93%E7%B3%BB%E6%80%BB%E7%BB%932021%E7%89%88-%E6%9F%8F%E6%8B%89%E5%9B%BE%E5%B7%A5%E4%BD%9C%E5%AE%A4-Python%E5%AD%A6%E7%A7%91-CSDN%E5%8D%9A%E5%AE%A2-02-22,1620882822,,unread
https://www.stovol.club/048,https://www.stovol.club/048,1621497140,,unread
https://mp.weixin.qq.com/s/mjmsWroe-gcXG1KnK0HfGg,https://mp.weixin.qq.com/s/mjmsWroe-gcXG1KnK0HfGg,1621685661,,unread
https://www.ioiox.com/archives/133.html,https://www.ioiox.com/archives/133.html,1622085425,,unread
https://cn.sli.dev/,https://cn.sli.dev/,1623033255,,unread
https://techinterviewhandbook.org/,https://techinterviewhandbook.org/,1631951032,,unread
https://firecms.co/docs,https://firecms.co/docs,1630910268,cms|firebase,unread
https://pbs.twimg.com/media/E3U9t0iVoAAJ495?format=jpg&name=large,https://pbs.twimg.com/media/E3U9t0iVoAAJ495?format=jpg&name=large,1623123118,,unread
https://yjalifebook.com/,https://yjalifebook.com/,1623976446,,unread
https://zhangboheng.github.io/Easy-Web-TV-M3u8/,https://zhangboheng.github.io/Easy-Web-TV-M3u8/,1636089374,,unread
https://hackmd.io/@comemory/programthink-2021-06-21,https://hackmd.io/@comemory/programthink-2021-06-21,1626312637,,unread
https://www.zuoyu.top/archives/history#those-who-cannot-remember-the-past-are-condemned-to-repeat-it,https://www.zuoyu.top/archives/history#those-who-cannot-remember-the-past-are-condemned-to-repeat-it,1625463172,历史,unread
https://www.swyx.io/new-mac-setup-2021/,https://www.swyx.io/new-mac-setup-2021/,1627871604,,unread
https://vadimkravcenko.com/en/dealing-with-complex-projects/,https://vadimkravcenko.com/en/dealing-with-complex-projects/,1628843506,,unread
https://mp.weixin.qq.com/s/5baemmYu_s142cFFW_1M9g,https://mp.weixin.qq.com/s/5baemmYu_s142cFFW_1M9g,1626145910,,unread
https://mp.weixin.qq.com/s/rBzjgm-kgfhBOSg8bxDZig,https://mp.weixin.qq.com/s/rBzjgm-kgfhBOSg8bxDZig,1626836191,,unread
https://mp.weixin.qq.com/s/zHd-f0jByO8sUQcf3yfauA,https://mp.weixin.qq.com/s/zHd-f0jByO8sUQcf3yfauA,1635044318,,unread
PyCharm 中文指南 — PyCharm 中文指南(Win版) 2.0 documentation,https://pycharm.iswbm.com/index.html,1697613798,,unread
https://ciechanow.ski/naval-architecture/,https://ciechanow.ski/naval-architecture/,1628843615,,unread
https://www.shuige.club/,https://www.shuige.club/,1627451304,,unread
https://scotthelme.co.uk/heres-another-free-ca-as-an-alternative-to-lets-encrypt/,https://scotthelme.co.uk/heres-another-free-ca-as-an-alternative-to-lets-encrypt/,1631951775,,unread
https://www.littlebigworld.de/,https://www.littlebigworld.de/,1637049758,,unread
https://immmmm.com/obsidian-start-me-page/,https://immmmm.com/obsidian-start-me-page/,1632888041,,unread
https://deskto.ps/,https://deskto.ps/,1638260009,,unread
科技玩家,https://www.kejiwanjia.com/,1687850979,,unread
https://m.dongqiudi.com/article/2298390.html,https://m.dongqiudi.com/article/2298390.html,1632560062,,unread
https://notion-avatar.vercel.app/zh,https://notion-avatar.vercel.app/zh,1634274472,,unread
https://instant.lvv2.com/html/46c2ef0679739e032375c95e99d0431b.html,https://instant.lvv2.com/html/46c2ef0679739e032375c95e99d0431b.html,1634613024,,unread
http://www.woshipm.com/pd/5194074.html,http://www.woshipm.com/pd/5194074.html,1636608128,,unread
https://bjpfd.frytea.com/help/docs/intro,https://bjpfd.frytea.com/help/docs/intro,1635822458,,unread
https://konstakang.com/devices/rpi4/LineageOS19/,https://konstakang.com/devices/rpi4/LineageOS19/,1644905911,,unread
https://mp.weixin.qq.com/s/_y9e1jO0A6Uh-mx0Fga0pg,https://mp.weixin.qq.com/s/_y9e1jO0A6Uh-mx0Fga0pg,1637061512,,unread
https://colorfu.art/editor,https://colorfu.art/editor,1638260019,,unread
https://datastudio.google.com/reporting/611d6973-ae5b-4ed8-9949-25570de9f5b5/page/nAYgC,https://datastudio.google.com/reporting/611d6973-ae5b-4ed8-9949-25570de9f5b5/page/nAYgC,1638155298,,unread
https://www.notion.so/eacad372403549098cb87e7c8c84d28b,https://www.notion.so/eacad372403549098cb87e7c8c84d28b,1644913734,,unread
https://www.notion.so/Twitter-7a18e4ba7a4d4f34a92e2f72f96a15bc,https://www.notion.so/Twitter-7a18e4ba7a4d4f34a92e2f72f96a15bc,1638362566,,unread
https://juejin.cn/post/7041306408343568391,https://juejin.cn/post/7041306408343568391,1639450289,,unread
https://www.jianshu.com/p/a791c0e00544,https://www.jianshu.com/p/a791c0e00544,1640229736,,unread
https://www.visualcapitalist.com/cp/chinas-aging-population-problem-1950-2100/,https://www.visualcapitalist.com/cp/chinas-aging-population-problem-1950-2100/,1653266565,,unread
https://www.kenshinji.me/na-xie-nian-wo-ting-guo-de-podcasts-bo-ke-jie-mu/,https://www.kenshinji.me/na-xie-nian-wo-ting-guo-de-podcasts-bo-ke-jie-mu/,1642483614,,unread
https://u.mr90.top/,https://u.mr90.top/,1641274351,,unread
注册Microsoft 365 开发人员计划，永久白嫖Office365！,https://www.maxiaobang.com/9794.html,1688709554,,unread
https://zhubai.love/,https://zhubai.love/,1648273908,,unread
https://user.guancha.cn/main/content?id=682435,https://user.guancha.cn/main/content?id=682435,1643009587,,unread
https://www.acfun.cn/u/61451889,https://www.acfun.cn/u/61451889,1643250982,,unread
https://zlexdl.notion.site/1ab3c1114b5a47ecb8480faf78dbde84?v=b618a6f201c74139a244782ad04bece4,https://zlexdl.notion.site/1ab3c1114b5a47ecb8480faf78dbde84?v=b618a6f201c74139a244782ad04bece4,1646357601,,unread
https://public.feishu.cn/public/docs/doccn2Pd35ynkdw72zlyR93SvFs,https://public.feishu.cn/public/docs/doccn2Pd35ynkdw72zlyR93SvFs,1641010148,,unread
https://rpdc.xiaohongshu.com/52-design-principles,https://rpdc.xiaohongshu.com/52-design-principles,1647610211,,unread
https://juejin.cn/post/7094045701335678984,https://juejin.cn/post/7094045701335678984,1652336405,,unread
https://juejin.cn/post/7095547569777934367,https://juejin.cn/post/7095547569777934367,1652062859,,unread
https://blog.xlab.app/atom.xml,https://blog.xlab.app/atom.xml,1676355744,,unread
90,https://good.news/html/b2a27932c6c30ef6dcbfce898c0a9e3f.html,1677633848,,unread
Jack‘s Space,https://veryjack.com/,1691115305,,unread
知识管理基本概念,https://mp.weixin.qq.com/s/K3NVQwvrtnGqB592v_7Z6Q,1687330777,,unread
雪饼的狗窝,http://www.zhouxuebin.club/blog/,1697507144,,unread
“我们拼尽全力，成为二本学生”,https://mp.weixin.qq.com/s/2laGnA_xEJbudQXTtiRHkQ,1706064508,,unread
https://www.2bt0.com/tlist.php,https://www.2bt0.com/tlist.php,1710832259,影视,unread
TiddyWiki 简易指南,https://pkmer.cn/Pkmer-Docs/12-tiddywiki/tiddywiki/,1710832278,,unread
考不上重点的上海“普高”孩子，高考有“拼成绩”外的出路了？,https://mp.weixin.qq.com/s/09nBj7ZT_-MszG7RwcS-gQ,1714983524,,unread
bestblogs.dev - 汇集顶级编程、人工智能、产品、科技文章，大语言模型摘要评分辅助阅读，探索编程和技术未来,https://www.bestblogs.dev/,1716099351,,unread
泰剧网-最新热门泰剧、泰影免费在线看! 一起来看泰剧啦! 泰剧TV网!!,https://www.taijuz.cc/,1715672461,,unread
张伦：“八九—六四”与当代中国,https://www.rfi.fr/cn/%E4%B8%AD%E5%9B%BD/20240605-%E5%BC%A0%E4%BC%A6-%E5%85%AB%E4%B9%9D-%E5%85%AD%E5%9B%9B-%E4%B8%8E%E5%BD%93%E4%BB%A3%E4%B8%AD%E5%9B%BD,1717661710,,archive
克服启动困难和拖延症的 N 种尝试,https://thirdshire.com/procrastination/,1718064718,,unread
NeoDB,https://neodb.social/discover/,1727588161,,unread
https://zh.mweb.im/zh-mweb-static-blog,https://zh.mweb.im/zh-mweb-static-blog,1731647543,,unread
https://feed.laborinfocn7.com/2024-pension/,https://feed.laborinfocn7.com/2024-pension/,1735108316,,unread
https://mp.weixin.qq.com/s/g_UHeH53-AA01BfJ99MjyA?token=1906677744&lang=zh_CN,https://mp.weixin.qq.com/s/g_UHeH53-AA01BfJ99MjyA?token=1906677744&lang=zh_CN,1735540039,,unread
https://thirdshire.com/annual-review-2024/,https://thirdshire.com/annual-review-2024/,1736737744,,unread
人人都能写英文博客,https://www.piglei.com/articles/everyone-can-write-eng-blog/,1736832972,,unread
https://mp.weixin.qq.com/s?__biz=MzIxNTAzNzU0Ng==&mid=2654852818&idx=1&sn=17bfe4087980d7774c099375d80376f3&scene=21#wechat_redirect,https://mp.weixin.qq.com/s?__biz=MzIxNTAzNzU0Ng==&mid=2654852818&idx=1&sn=17bfe4087980d7774c099375d80376f3&scene=21#wechat_redirect,1739175092,,unread
铂程斋,https://www.dapenti.com/blog/blog.asp?name=xilei&subjectid=70,1739242263,,unread
https://news.nilh2a2.dev/,https://news.nilh2a2.dev/,1744680453,,unread
https://blog.duanfei.org/#/page/contents,https://blog.duanfei.org/#/page/contents,1744684812,,unread
CS自学指南,https://csdiy.wiki/,1745300681,,unread
bird.makeup,https://bird.makeup/,1747277538,,unread
https://linux.do/t/topic/514603,https://linux.do/t/topic/514603,1747278822,,unread
Kindle4RSS: RSS Feed Reader for Kindle,https://kindle4rss.com/,1747791667,,unread
